姓名,性别,年级,班级,科目,分数,分数段
龚佳,女,高一,高一1班,语文,100,优
龚佳,女,高一,高一1班,数学,98,优
龚佳,女,高一,高一1班,英语,93,优
万健磊,男,高一,高一1班,语文,61,及格
万健磊,男,高一,高一1班,数学,60,及格
万健磊,男,高一,高一1班,英语,54,不及格
赵辉,男,高一,高一1班,语文,60,及格
赵辉,男,高一,高一1班,数学,56,不及格
赵辉,男,高一,高一1班,英语,53,不及格
谢洁琪,女,高一,高一1班,语文,82,良
谢洁琪,女,高一,高一1班,数学,76,及格
谢洁琪,女,高一,高一1班,英语,79,及格
萧萍欣,女,高一,高一1班,语文,96,优
萧萍欣,女,高一,高一1班,数学,91,优
萧萍欣,女,高一,高一1班,英语,90,优
韦倩,女,高一,高一1班,语文,74,及格
韦倩,女,高一,高一1班,数学,69,及格
韦倩,女,高一,高一1班,英语,73,及格
段阳,男,高一,高一1班,语文,60,及格
段阳,男,高一,高一1班,数学,60,及格
段阳,男,高一,高一1班,英语,67,及格
吕凯超,男,高一,高一1班,语文,93,优
吕凯超,男,高一,高一1班,数学,88,良
吕凯超,男,高一,高一1班,英语,84,良
丁莹,女,高一,高一1班,语文,80,良
丁莹,女,高一,高一1班,数学,73,及格
丁莹,女,高一,高一1班,英语,77,及格
潘超,男,高一,高一1班,语文,46,不及格
潘超,男,高一,高一1班,数学,60,及格
潘超,男,高一,高一1班,英语,43,不及格
程涛涛,男,高一,高一1班,语文,78,及格
程涛涛,男,高一,高一1班,数学,75,及格
程涛涛,男,高一,高一1班,英语,70,及格
萧佳,女,高一,高一1班,语文,76,及格
萧佳,女,高一,高一1班,数学,76,及格
萧佳,女,高一,高一1班,英语,78,及格
张丹霞,女,高一,高一1班,语文,85,良
张丹霞,女,高一,高一1班,数学,67,及格
张丹霞,女,高一,高一1班,英语,79,及格
余宇,男,高一,高一1班,语文,75,及格
余宇,男,高一,高一1班,数学,72,及格
余宇,男,高一,高一1班,英语,78,及格
沈倩丹,女,高一,高一1班,语文,84,良
沈倩丹,女,高一,高一1班,数学,76,及格
沈倩丹,女,高一,高一1班,英语,85,良
薛璐娜,女,高一,高一1班,语文,86,良
薛璐娜,女,高一,高一1班,数学,75,及格
薛璐娜,女,高一,高一1班,英语,82,良
金明帆,男,高一,高一1班,语文,52,不及格
金明帆,男,高一,高一1班,数学,60,及格
金明帆,男,高一,高一1班,英语,61,及格
熊阳杰,男,高一,高一1班,语文,43,不及格
熊阳杰,男,高一,高一1班,数学,43,不及格
熊阳杰,男,高一,高一1班,英语,43,不及格
叶琪丽,女,高一,高一1班,语文,58,不及格
叶琪丽,女,高一,高一1班,数学,53,不及格
叶琪丽,女,高一,高一1班,英语,61,及格
姚斌,男,高一,高一1班,语文,56,不及格
姚斌,男,高一,高一1班,数学,62,及格
姚斌,男,高一,高一1班,英语,50,不及格
吴宇阳,男,高一,高一1班,语文,64,及格
吴宇阳,男,高一,高一1班,数学,62,及格
吴宇阳,男,高一,高一1班,英语,56,不及格
贺璐怡,女,高一,高一1班,语文,63,及格
贺璐怡,女,高一,高一1班,数学,53,不及格
贺璐怡,女,高一,高一1班,英语,69,及格
尹明,男,高一,高一1班,语文,73,及格
尹明,男,高一,高一1班,数学,68,及格
尹明,男,高一,高一1班,英语,60,及格
卢斌晨,男,高一,高一1班,语文,77,及格
卢斌晨,男,高一,高一1班,数学,75,及格
卢斌晨,男,高一,高一1班,英语,68,及格
孙军,男,高一,高一1班,语文,61,及格
孙军,男,高一,高一1班,数学,63,及格
孙军,男,高一,高一1班,英语,58,不及格
马琳,女,高一,高一1班,语文,73,及格
马琳,女,高一,高一1班,数学,64,及格
马琳,女,高一,高一1班,英语,59,不及格
谢宁,男,高一,高一1班,语文,58,不及格
谢宁,男,高一,高一1班,数学,59,不及格
谢宁,男,高一,高一1班,英语,58,不及格
邱莹丹,女,高一,高一1班,语文,78,及格
邱莹丹,女,高一,高一1班,数学,71,及格
邱莹丹,女,高一,高一1班,英语,83,良
赵帆宇,男,高一,高一1班,语文,60,及格
赵帆宇,男,高一,高一1班,数学,58,不及格
赵帆宇,男,高一,高一1班,英语,58,不及格
付超,男,高一,高一1班,语文,76,及格
付超,男,高一,高一1班,数学,68,及格
付超,男,高一,高一1班,英语,72,及格
李晨阳,男,高一,高一1班,语文,73,及格
李晨阳,男,高一,高一1班,数学,75,及格
李晨阳,男,高一,高一1班,英语,82,良
范怡桂,女,高一,高一1班,语文,68,及格
范怡桂,女,高一,高一1班,数学,61,及格
范怡桂,女,高一,高一1班,英语,60,及格
金薇,女,高一,高一1班,语文,78,及格
金薇,女,高一,高一1班,数学,67,及格
金薇,女,高一,高一1班,英语,84,良
卢欣,女,高一,高一1班,语文,94,优
卢欣,女,高一,高一1班,数学,76,及格
卢欣,女,高一,高一1班,英语,93,优
韦悦倩,女,高一,高一1班,语文,70,及格
韦悦倩,女,高一,高一1班,数学,66,及格
韦悦倩,女,高一,高一1班,英语,61,及格
尹伟欢,男,高一,高一1班,语文,63,及格
尹伟欢,男,高一,高一1班,数学,68,及格
尹伟欢,男,高一,高一1班,英语,73,及格
杨艳,女,高一,高一1班,语文,85,良
杨艳,女,高一,高一1班,数学,77,及格
杨艳,女,高一,高一1班,英语,80,良
崔浩亮,男,高一,高一1班,语文,87,良
崔浩亮,男,高一,高一1班,数学,92,优
崔浩亮,男,高一,高一1班,英语,86,良
邹怡,女,高一,高一1班,语文,83,良
邹怡,女,高一,高一1班,数学,67,及格
邹怡,女,高一,高一1班,英语,76,及格
韩帆磊,男,高一,高一1班,语文,61,及格
韩帆磊,男,高一,高一1班,数学,65,及格
韩帆磊,男,高一,高一1班,英语,62,及格
黎建,男,高一,高一1班,语文,81,良
黎建,男,高一,高一1班,数学,76,及格
黎建,男,高一,高一1班,英语,73,及格
夏芳倩,女,高一,高一1班,语文,83,良
夏芳倩,女,高一,高一1班,数学,65,及格
夏芳倩,女,高一,高一1班,英语,77,及格
杨怡倩,女,高一,高一1班,语文,89,良
杨怡倩,女,高一,高一1班,数学,83,良
杨怡倩,女,高一,高一1班,英语,97,优
曹俊辉,男,高一,高一1班,语文,43,不及格
曹俊辉,男,高一,高一1班,数学,42,不及格
曹俊辉,男,高一,高一1班,英语,39,不及格
覃洁怡,女,高一,高一1班,语文,62,及格
覃洁怡,女,高一,高一1班,数学,61,及格
覃洁怡,女,高一,高一1班,英语,61,及格
史健建,男,高一,高一1班,语文,53,不及格
史健建,男,高一,高一1班,数学,64,及格
史健建,男,高一,高一1班,英语,63,及格
余亮宁,男,高一,高一1班,语文,67,及格
余亮宁,男,高一,高一1班,数学,72,及格
余亮宁,男,高一,高一1班,英语,73,及格
刘建,男,高一,高一1班,语文,57,不及格
刘建,男,高一,高一1班,数学,69,及格
刘建,男,高一,高一1班,英语,56,不及格
曾瑶慧,女,高一,高一2班,语文,99,优
曾瑶慧,女,高一,高一2班,数学,84,良
曾瑶慧,女,高一,高一2班,英语,95,优
史颖,女,高一,高一2班,语文,96,优
史颖,女,高一,高一2班,数学,94,优
史颖,女,高一,高一2班,英语,93,优
钱成凯,男,高一,高一2班,语文,74,及格
钱成凯,男,高一,高一2班,数学,65,及格
钱成凯,男,高一,高一2班,英语,66,及格
韦桂芳,女,高一,高一2班,语文,96,优
韦桂芳,女,高一,高一2班,数学,96,优
韦桂芳,女,高一,高一2班,英语,100,优
沈成,男,高一,高一2班,语文,86,良
沈成,男,高一,高一2班,数学,77,及格
沈成,男,高一,高一2班,英语,82,良
毛斌,男,高一,高一2班,语文,74,及格
毛斌,男,高一,高一2班,数学,82,良
毛斌,男,高一,高一2班,英语,76,及格
唐丹娟,女,高一,高一2班,语文,94,优
唐丹娟,女,高一,高一2班,数学,85,良
唐丹娟,女,高一,高一2班,英语,91,优
叶磊,男,高一,高一2班,语文,70,及格
叶磊,男,高一,高一2班,数学,75,及格
叶磊,男,高一,高一2班,英语,78,及格
汪琪,女,高一,高一2班,语文,87,良
汪琪,女,高一,高一2班,数学,82,良
汪琪,女,高一,高一2班,英语,82,良
程明斌,男,高一,高一2班,语文,80,良
程明斌,男,高一,高一2班,数学,79,及格
程明斌,男,高一,高一2班,英语,72,及格
卢强阳,男,高一,高一2班,语文,78,及格
卢强阳,男,高一,高一2班,数学,74,及格
卢强阳,男,高一,高一2班,英语,71,及格
谢琳,女,高一,高一2班,语文,100,优
谢琳,女,高一,高一2班,数学,87,良
谢琳,女,高一,高一2班,英语,94,优
袁旭,男,高一,高一2班,语文,89,良
袁旭,男,高一,高一2班,数学,85,良
袁旭,男,高一,高一2班,英语,84,良
侯薇桂,女,高一,高一2班,语文,79,及格
侯薇桂,女,高一,高一2班,数学,65,及格
侯薇桂,女,高一,高一2班,英语,77,及格
付辉军,男,高一,高一2班,语文,77,及格
付辉军,男,高一,高一2班,数学,70,及格
付辉军,男,高一,高一2班,英语,71,及格
于丽璐,女,高一,高一2班,语文,84,良
于丽璐,女,高一,高一2班,数学,74,及格
于丽璐,女,高一,高一2班,英语,79,及格
曹薇璐,女,高一,高一2班,语文,96,优
曹薇璐,女,高一,高一2班,数学,87,良
曹薇璐,女,高一,高一2班,英语,86,良
严华旭,男,高一,高一2班,语文,90,优
严华旭,男,高一,高一2班,数学,87,良
严华旭,男,高一,高一2班,英语,91,优
金娜,女,高一,高一2班,语文,84,良
金娜,女,高一,高一2班,数学,76,及格
金娜,女,高一,高一2班,英语,81,良
严杰鹏,男,高一,高一2班,语文,92,优
严杰鹏,男,高一,高一2班,数学,96,优
严杰鹏,男,高一,高一2班,英语,81,良
向欢伟,男,高一,高一2班,语文,83,良
向欢伟,男,高一,高一2班,数学,86,良
向欢伟,男,高一,高一2班,英语,87,良
江亮,男,高一,高一2班,语文,82,良
江亮,男,高一,高一2班,数学,88,良
江亮,男,高一,高一2班,英语,86,良
余秀琳,女,高一,高一2班,语文,83,良
余秀琳,女,高一,高一2班,数学,93,优
余秀琳,女,高一,高一2班,英语,99,优
莫涛,男,高一,高一2班,语文,79,及格
莫涛,男,高一,高一2班,数学,91,优
莫涛,男,高一,高一2班,英语,74,及格
沈丽琪,女,高一,高一2班,语文,91,优
沈丽琪,女,高一,高一2班,数学,76,及格
沈丽琪,女,高一,高一2班,英语,87,良
曹怡雪,女,高一,高一2班,语文,76,及格
曹怡雪,女,高一,高一2班,数学,77,及格
曹怡雪,女,高一,高一2班,英语,82,良
石悦,女,高一,高一2班,语文,73,及格
石悦,女,高一,高一2班,数学,62,及格
石悦,女,高一,高一2班,英语,73,及格
向洁,女,高一,高一2班,语文,83,良
向洁,女,高一,高一2班,数学,76,及格
向洁,女,高一,高一2班,英语,83,良
陆帆明,男,高一,高一3班,语文,83,良
陆帆明,男,高一,高一3班,数学,86,良
陆帆明,男,高一,高一3班,英语,82,良
蔡蕾慧,女,高一,高一3班,语文,81,良
蔡蕾慧,女,高一,高一3班,数学,76,及格
蔡蕾慧,女,高一,高一3班,英语,84,良
贺丹,女,高一,高一3班,语文,75,及格
贺丹,女,高一,高一3班,数学,73,及格
贺丹,女,高一,高一3班,英语,77,及格
卢宇旭,男,高一,高一3班,语文,64,及格
卢宇旭,男,高一,高一3班,数学,69,及格
卢宇旭,男,高一,高一3班,英语,70,及格
邹阳,男,高一,高一3班,语文,93,优
邹阳,男,高一,高一3班,数学,94,优
邹阳,男,高一,高一3班,英语,98,优
宋成亮,男,高一,高一3班,语文,63,及格
宋成亮,男,高一,高一3班,数学,61,及格
宋成亮,男,高一,高一3班,英语,63,及格
汤燕薇,女,高一,高一3班,语文,96,优
汤燕薇,女,高一,高一3班,数学,77,及格
汤燕薇,女,高一,高一3班,英语,95,优
萧丽琪,女,高一,高一3班,语文,85,良
萧丽琪,女,高一,高一3班,数学,74,及格
萧丽琪,女,高一,高一3班,英语,87,良
董颖霞,女,高一,高一3班,语文,80,良
董颖霞,女,高一,高一3班,数学,75,及格
董颖霞,女,高一,高一3班,英语,80,良
秦瑶怡,女,高一,高一3班,语文,79,及格
秦瑶怡,女,高一,高一3班,数学,78,及格
秦瑶怡,女,高一,高一3班,英语,81,良
郭浩,男,高一,高一3班,语文,75,及格
郭浩,男,高一,高一3班,数学,79,及格
郭浩,男,高一,高一3班,英语,79,及格
夏颖薇,女,高一,高一3班,语文,79,及格
夏颖薇,女,高一,高一3班,数学,67,及格
夏颖薇,女,高一,高一3班,英语,79,及格
钟秀,女,高一,高一3班,语文,63,及格
钟秀,女,高一,高一3班,数学,58,不及格
钟秀,女,高一,高一3班,英语,68,及格
侯慧芳,女,高一,高一3班,语文,64,及格
侯慧芳,女,高一,高一3班,数学,62,及格
侯慧芳,女,高一,高一3班,英语,69,及格
郝蕾娜,女,高一,高一3班,语文,77,及格
郝蕾娜,女,高一,高一3班,数学,80,良
郝蕾娜,女,高一,高一3班,英语,87,良
曾静桂,女,高一,高一3班,语文,67,及格
曾静桂,女,高一,高一3班,数学,69,及格
曾静桂,女,高一,高一3班,英语,69,及格
石强磊,男,高一,高一3班,语文,83,良
石强磊,男,高一,高一3班,数学,89,良
石强磊,男,高一,高一3班,英语,91,优
彭军凯,男,高一,高一3班,语文,88,良
彭军凯,男,高一,高一3班,数学,88,良
彭军凯,男,高一,高一3班,英语,88,良
万林,男,高一,高一3班,语文,76,及格
万林,男,高一,高一3班,数学,79,及格
万林,男,高一,高一3班,英语,76,及格
王明刚,男,高一,高一3班,语文,78,及格
王明刚,男,高一,高一3班,数学,78,及格
王明刚,男,高一,高一3班,英语,71,及格
韦悦玲,女,高一,高一3班,语文,87,良
韦悦玲,女,高一,高一3班,数学,84,良
韦悦玲,女,高一,高一3班,英语,88,良
吴旭,男,高一,高一3班,语文,74,及格
吴旭,男,高一,高一3班,数学,79,及格
吴旭,男,高一,高一3班,英语,73,及格
张蕾,女,高一,高一3班,语文,93,优
张蕾,女,高一,高一3班,数学,91,优
张蕾,女,高一,高一3班,英语,89,良
向娟,女,高一,高一3班,语文,84,良
向娟,女,高一,高一3班,数学,64,及格
向娟,女,高一,高一3班,英语,78,及格
闫欢龙,男,高一,高一3班,语文,62,及格
闫欢龙,男,高一,高一3班,数学,63,及格
闫欢龙,男,高一,高一3班,英语,62,及格
汪霞,女,高一,高一3班,语文,71,及格
汪霞,女,高一,高一3班,数学,70,及格
汪霞,女,高一,高一3班,英语,74,及格
余俊强,男,高一,高一3班,语文,81,良
余俊强,男,高一,高一3班,数学,80,良
余俊强,男,高一,高一3班,英语,78,及格
冯倩秀,女,高一,高一3班,语文,89,良
冯倩秀,女,高一,高一3班,数学,84,良
冯倩秀,女,高一,高一3班,英语,90,优
熊艳璐,女,高一,高一3班,语文,74,及格
熊艳璐,女,高一,高一3班,数学,64,及格
熊艳璐,女,高一,高一3班,英语,70,及格
王成,男,高一,高一3班,语文,82,良
王成,男,高一,高一3班,数学,90,优
王成,男,高一,高一3班,英语,87,良
叶璐倩,女,高一,高一3班,语文,72,及格
叶璐倩,女,高一,高一3班,数学,58,不及格
叶璐倩,女,高一,高一3班,英语,72,及格
张伟,男,高一,高一3班,语文,90,优
张伟,男,高一,高一3班,数学,96,优
张伟,男,高一,高一3班,英语,97,优
侯伟,男,高一,高一3班,语文,57,不及格
侯伟,男,高一,高一3班,数学,65,及格
侯伟,男,高一,高一3班,英语,65,及格
徐琳倩,女,高一,高一3班,语文,82,良
徐琳倩,女,高一,高一3班,数学,70,及格
徐琳倩,女,高一,高一3班,英语,79,及格
毛阳宇,男,高一,高一3班,语文,80,良
毛阳宇,男,高一,高一3班,数学,80,良
毛阳宇,男,高一,高一3班,英语,78,及格
闫勇,男,高一,高一3班,语文,87,良
闫勇,男,高一,高一3班,数学,90,优
闫勇,男,高一,高一3班,英语,92,优
董丽,女,高二,高二1班,语文,63,及格
董丽,女,高二,高二1班,数学,55,不及格
董丽,女,高二,高二1班,英语,68,及格
郑丽倩,女,高二,高二1班,语文,84,良
郑丽倩,女,高二,高二1班,数学,72,及格
郑丽倩,女,高二,高二1班,英语,81,良
陆芳燕,女,高二,高二1班,语文,66,及格
陆芳燕,女,高二,高二1班,数学,61,及格
陆芳燕,女,高二,高二1班,英语,67,及格
孔蕾,女,高二,高二1班,语文,55,不及格
孔蕾,女,高二,高二1班,数学,46,不及格
孔蕾,女,高二,高二1班,英语,55,不及格
魏华,男,高二,高二1班,语文,66,及格
魏华,男,高二,高二1班,数学,57,不及格
魏华,男,高二,高二1班,英语,59,不及格
崔勇晨,男,高二,高二1班,语文,62,及格
崔勇晨,男,高二,高二1班,数学,62,及格
崔勇晨,男,高二,高二1班,英语,54,不及格
崔霞,女,高二,高二1班,语文,92,优
崔霞,女,高二,高二1班,数学,85,良
崔霞,女,高二,高二1班,英语,95,优
龙敏颖,女,高二,高二1班,语文,73,及格
龙敏颖,女,高二,高二1班,数学,62,及格
龙敏颖,女,高二,高二1班,英语,73,及格
周旭,男,高二,高二1班,语文,67,及格
周旭,男,高二,高二1班,数学,77,及格
周旭,男,高二,高二1班,英语,60,及格
程萍悦,女,高二,高二1班,语文,73,及格
程萍悦,女,高二,高二1班,数学,66,及格
程萍悦,女,高二,高二1班,英语,72,及格
梁丽慧,女,高二,高二1班,语文,79,及格
梁丽慧,女,高二,高二1班,数学,81,良
梁丽慧,女,高二,高二1班,英语,76,及格
韦欢林,男,高二,高二1班,语文,59,不及格
韦欢林,男,高二,高二1班,数学,71,及格
韦欢林,男,高二,高二1班,英语,57,不及格
孟明鹏,男,高二,高二1班,语文,68,及格
孟明鹏,男,高二,高二1班,数学,65,及格
孟明鹏,男,高二,高二1班,英语,54,不及格
许萍,女,高二,高二1班,语文,90,优
许萍,女,高二,高二1班,数学,76,及格
许萍,女,高二,高二1班,英语,73,及格
覃燕,女,高二,高二1班,语文,68,及格
覃燕,女,高二,高二1班,数学,63,及格
覃燕,女,高二,高二1班,英语,60,及格
钱琪薇,女,高二,高二1班,语文,68,及格
钱琪薇,女,高二,高二1班,数学,54,不及格
钱琪薇,女,高二,高二1班,英语,67,及格
叶鹏鑫,男,高二,高二1班,语文,44,不及格
叶鹏鑫,男,高二,高二1班,数学,50,不及格
叶鹏鑫,男,高二,高二1班,英语,41,不及格
莫悦丽,女,高二,高二1班,语文,76,及格
莫悦丽,女,高二,高二1班,数学,62,及格
莫悦丽,女,高二,高二1班,英语,76,及格
侯燕玲,女,高二,高二1班,语文,57,不及格
侯燕玲,女,高二,高二1班,数学,54,不及格
侯燕玲,女,高二,高二1班,英语,54,不及格
彭芳燕,女,高二,高二1班,语文,63,及格
彭芳燕,女,高二,高二1班,数学,70,及格
彭芳燕,女,高二,高二1班,英语,64,及格
林静琳,女,高二,高二1班,语文,76,及格
林静琳,女,高二,高二1班,数学,71,及格
林静琳,女,高二,高二1班,英语,80,良
邱磊,男,高二,高二1班,语文,61,及格
邱磊,男,高二,高二1班,数学,66,及格
邱磊,男,高二,高二1班,英语,58,不及格
顾鑫强,男,高二,高二2班,语文,91,优
顾鑫强,男,高二,高二2班,数学,92,优
顾鑫强,男,高二,高二2班,英语,88,良
彭鑫,男,高二,高二2班,语文,81,良
彭鑫,男,高二,高二2班,数学,83,良
彭鑫,男,高二,高二2班,英语,86,良
李静瑶,女,高二,高二2班,语文,66,及格
李静瑶,女,高二,高二2班,数学,57,不及格
李静瑶,女,高二,高二2班,英语,67,及格
雷艳玲,女,高二,高二2班,语文,100,优
雷艳玲,女,高二,高二2班,数学,96,优
雷艳玲,女,高二,高二2班,英语,100,优
曹宇凯,男,高二,高二2班,语文,76,及格
曹宇凯,男,高二,高二2班,数学,77,及格
曹宇凯,男,高二,高二2班,英语,70,及格
蔡丹,女,高二,高二2班,语文,70,及格
蔡丹,女,高二,高二2班,数学,67,及格
蔡丹,女,高二,高二2班,英语,74,及格
雷欣婷,女,高二,高二2班,语文,77,及格
雷欣婷,女,高二,高二2班,数学,68,及格
雷欣婷,女,高二,高二2班,英语,75,及格
曹亮平,男,高二,高二2班,语文,71,及格
曹亮平,男,高二,高二2班,数学,75,及格
曹亮平,男,高二,高二2班,英语,75,及格
熊勇,男,高二,高二2班,语文,70,及格
熊勇,男,高二,高二2班,数学,66,及格
熊勇,男,高二,高二2班,英语,65,及格
程斌,男,高二,高二2班,语文,73,及格
程斌,男,高二,高二2班,数学,73,及格
程斌,男,高二,高二2班,英语,73,及格
彭玲燕,女,高二,高二2班,语文,73,及格
彭玲燕,女,高二,高二2班,数学,70,及格
彭玲燕,女,高二,高二2班,英语,77,及格
钱莹静,女,高二,高二2班,语文,77,及格
钱莹静,女,高二,高二2班,数学,62,及格
钱莹静,女,高二,高二2班,英语,69,及格
何涛,男,高二,高二2班,语文,72,及格
何涛,男,高二,高二2班,数学,78,及格
何涛,男,高二,高二2班,英语,68,及格
顾慧静,女,高二,高二2班,语文,81,良
顾慧静,女,高二,高二2班,数学,70,及格
顾慧静,女,高二,高二2班,英语,74,及格
段涛龙,男,高二,高二2班,语文,83,良
段涛龙,男,高二,高二2班,数学,78,及格
段涛龙,男,高二,高二2班,英语,86,良
余龙超,男,高二,高二2班,语文,75,及格
余龙超,男,高二,高二2班,数学,76,及格
余龙超,男,高二,高二2班,英语,71,及格
廖军,男,高二,高二2班,语文,88,良
廖军,男,高二,高二2班,数学,95,优
廖军,男,高二,高二2班,英语,90,优
郝娜婷,女,高二,高二2班,语文,91,优
郝娜婷,女,高二,高二2班,数学,75,及格
郝娜婷,女,高二,高二2班,英语,81,良
覃静悦,女,高二,高二2班,语文,87,良
覃静悦,女,高二,高二2班,数学,79,及格
覃静悦,女,高二,高二2班,英语,84,良
戴阳,男,高二,高二2班,语文,66,及格
戴阳,男,高二,高二2班,数学,68,及格
戴阳,男,高二,高二2班,英语,61,及格
武薇,女,高二,高二2班,语文,78,及格
武薇,女,高二,高二2班,数学,68,及格
武薇,女,高二,高二2班,英语,90,优
董倩敏,女,高二,高二2班,语文,97,优
董倩敏,女,高二,高二2班,数学,89,良
董倩敏,女,高二,高二2班,英语,95,优
高玲瑶,女,高二,高二2班,语文,60,及格
高玲瑶,女,高二,高二2班,数学,63,及格
高玲瑶,女,高二,高二2班,英语,64,及格
夏成鑫,男,高二,高二2班,语文,69,及格
夏成鑫,男,高二,高二2班,数学,71,及格
夏成鑫,男,高二,高二2班,英语,69,及格
熊龙,男,高二,高二2班,语文,80,良
熊龙,男,高二,高二2班,数学,74,及格
熊龙,男,高二,高二2班,英语,75,及格
袁刚,男,高二,高二2班,语文,61,及格
袁刚,男,高二,高二2班,数学,70,及格
袁刚,男,高二,高二2班,英语,61,及格
魏怡静,女,高二,高二2班,语文,79,及格
魏怡静,女,高二,高二2班,数学,77,及格
魏怡静,女,高二,高二2班,英语,89,良
贺婷佳,女,高二,高二2班,语文,65,及格
贺婷佳,女,高二,高二2班,数学,58,不及格
贺婷佳,女,高二,高二2班,英语,64,及格
陆飞,男,高二,高二2班,语文,88,良
陆飞,男,高二,高二2班,数学,85,良
陆飞,男,高二,高二2班,英语,78,及格
杜鑫成,男,高二,高二2班,语文,91,优
杜鑫成,男,高二,高二2班,数学,83,良
杜鑫成,男,高二,高二2班,英语,92,优
赵斌,男,高二,高二2班,语文,67,及格
赵斌,男,高二,高二2班,数学,71,及格
赵斌,男,高二,高二2班,英语,66,及格
陈娟璐,女,高二,高二2班,语文,69,及格
陈娟璐,女,高二,高二2班,数学,68,及格
陈娟璐,女,高二,高二2班,英语,72,及格
白林欢,男,高二,高二2班,语文,82,良
白林欢,男,高二,高二2班,数学,74,及格
白林欢,男,高二,高二2班,英语,69,及格
戴军,男,高二,高二2班,语文,64,及格
戴军,男,高二,高二2班,数学,63,及格
戴军,男,高二,高二2班,英语,61,及格
沈婷琪,女,高二,高二2班,语文,81,良
沈婷琪,女,高二,高二2班,数学,73,及格
沈婷琪,女,高二,高二2班,英语,79,及格
史薇霞,女,高二,高二2班,语文,83,良
史薇霞,女,高二,高二2班,数学,70,及格
史薇霞,女,高二,高二2班,英语,78,及格
郑颖佳,女,高二,高二2班,语文,71,及格
郑颖佳,女,高二,高二2班,数学,71,及格
郑颖佳,女,高二,高二2班,英语,77,及格
孔平,男,高二,高二2班,语文,79,及格
孔平,男,高二,高二2班,数学,80,良
孔平,男,高二,高二2班,英语,74,及格
武桂,女,高二,高二2班,语文,68,及格
武桂,女,高二,高二2班,数学,64,及格
武桂,女,高二,高二2班,英语,78,及格
方琪蕾,女,高二,高二2班,语文,96,优
方琪蕾,女,高二,高二2班,数学,83,良
方琪蕾,女,高二,高二2班,英语,94,优
唐秀璐,女,高二,高二2班,语文,98,优
唐秀璐,女,高二,高二2班,数学,92,优
唐秀璐,女,高二,高二2班,英语,100,优
田超飞,男,高二,高二2班,语文,87,良
田超飞,男,高二,高二2班,数学,81,良
田超飞,男,高二,高二2班,英语,79,及格
萧婷,女,高三,高三1班,语文,89,良
萧婷,女,高三,高三1班,数学,75,及格
萧婷,女,高三,高三1班,英语,90,优
吕倩佳,女,高三,高三1班,语文,74,及格
吕倩佳,女,高三,高三1班,数学,68,及格
吕倩佳,女,高三,高三1班,英语,66,及格
叶桂,女,高三,高三1班,语文,70,及格
叶桂,女,高三,高三1班,数学,65,及格
叶桂,女,高三,高三1班,英语,55,不及格
郝琪琳,女,高三,高三1班,语文,82,良
郝琪琳,女,高三,高三1班,数学,78,及格
郝琪琳,女,高三,高三1班,英语,85,良
于艳桂,女,高三,高三1班,语文,88,良
于艳桂,女,高三,高三1班,数学,75,及格
于艳桂,女,高三,高三1班,英语,88,良
郑敏秀,女,高三,高三1班,语文,67,及格
郑敏秀,女,高三,高三1班,数学,62,及格
郑敏秀,女,高三,高三1班,英语,61,及格
韩飞,男,高三,高三1班,语文,65,及格
韩飞,男,高三,高三1班,数学,85,良
韩飞,男,高三,高三1班,英语,78,及格
侯林宇,男,高三,高三1班,语文,76,及格
侯林宇,男,高三,高三1班,数学,76,及格
侯林宇,男,高三,高三1班,英语,74,及格
陈杰平,男,高三,高三1班,语文,67,及格
陈杰平,男,高三,高三1班,数学,77,及格
陈杰平,男,高三,高三1班,英语,68,及格
沈芳,女,高三,高三1班,语文,75,及格
沈芳,女,高三,高三1班,数学,67,及格
沈芳,女,高三,高三1班,英语,67,及格
史蕾,女,高三,高三1班,语文,79,及格
史蕾,女,高三,高三1班,数学,73,及格
史蕾,女,高三,高三1班,英语,76,及格
何丹瑶,女,高三,高三1班,语文,85,良
何丹瑶,女,高三,高三1班,数学,79,及格
何丹瑶,女,高三,高三1班,英语,82,良
范平,男,高三,高三1班,语文,75,及格
范平,男,高三,高三1班,数学,82,良
范平,男,高三,高三1班,英语,75,及格
贺静怡,女,高三,高三1班,语文,81,良
贺静怡,女,高三,高三1班,数学,69,及格
贺静怡,女,高三,高三1班,英语,75,及格
赵玲,女,高三,高三1班,语文,94,优
赵玲,女,高三,高三1班,数学,75,及格
赵玲,女,高三,高三1班,英语,93,优
马明阳,男,高三,高三1班,语文,78,及格
马明阳,男,高三,高三1班,数学,84,良
马明阳,男,高三,高三1班,英语,79,及格
胡琪,女,高三,高三1班,语文,81,良
胡琪,女,高三,高三1班,数学,81,良
胡琪,女,高三,高三1班,英语,87,良
魏成,男,高三,高三1班,语文,83,良
魏成,男,高三,高三1班,数学,90,优
魏成,男,高三,高三1班,英语,79,及格
林倩,女,高三,高三1班,语文,75,及格
林倩,女,高三,高三1班,数学,75,及格
林倩,女,高三,高三1班,英语,81,良
陶慧,女,高三,高三1班,语文,87,良
陶慧,女,高三,高三1班,数学,72,及格
陶慧,女,高三,高三1班,英语,80,良
郭桂,女,高三,高三1班,语文,92,优
郭桂,女,高三,高三1班,数学,77,及格
郭桂,女,高三,高三1班,英语,84,良
雷丽娟,女,高三,高三1班,语文,81,良
雷丽娟,女,高三,高三1班,数学,75,及格
雷丽娟,女,高三,高三1班,英语,78,及格
万雪,女,高三,高三1班,语文,87,良
万雪,女,高三,高三1班,数学,80,良
万雪,女,高三,高三1班,英语,92,优
韩萍,女,高三,高三1班,语文,92,优
韩萍,女,高三,高三1班,数学,84,良
韩萍,女,高三,高三1班,英语,83,良
孔波,男,高三,高三1班,语文,78,及格
孔波,男,高三,高三1班,数学,84,良
孔波,男,高三,高三1班,英语,74,及格
龙浩,男,高三,高三1班,语文,75,及格
龙浩,男,高三,高三1班,数学,69,及格
龙浩,男,高三,高三1班,英语,70,及格
周帆林,男,高三,高三1班,语文,88,良
周帆林,男,高三,高三1班,数学,89,良
周帆林,男,高三,高三1班,英语,77,及格
熊华帅,男,高三,高三1班,语文,75,及格
熊华帅,男,高三,高三1班,数学,76,及格
熊华帅,男,高三,高三1班,英语,79,及格
戴欣敏,女,高三,高三1班,语文,89,良
戴欣敏,女,高三,高三1班,数学,73,及格
戴欣敏,女,高三,高三1班,英语,79,及格
曾雪,女,高三,高三1班,语文,94,优
曾雪,女,高三,高三1班,数学,83,良
曾雪,女,高三,高三1班,英语,91,优
萧波鑫,男,高三,高三1班,语文,75,及格
萧波鑫,男,高三,高三1班,数学,78,及格
萧波鑫,男,高三,高三1班,英语,72,及格
董波俊,男,高三,高三1班,语文,74,及格
董波俊,男,高三,高三1班,数学,74,及格
董波俊,男,高三,高三1班,英语,79,及格
黎斌华,男,高三,高三1班,语文,67,及格
黎斌华,男,高三,高三1班,数学,65,及格
黎斌华,男,高三,高三1班,英语,76,及格
武佳佳,女,高三,高三1班,语文,85,良
武佳佳,女,高三,高三1班,数学,76,及格
武佳佳,女,高三,高三1班,英语,82,良
彭悦,女,高三,高三1班,语文,71,及格
彭悦,女,高三,高三1班,数学,63,及格
彭悦,女,高三,高三1班,英语,71,及格
熊薇,女,高三,高三1班,语文,81,良
熊薇,女,高三,高三1班,数学,77,及格
熊薇,女,高三,高三1班,英语,80,良
赵桂桂,女,高三,高三1班,语文,80,良
赵桂桂,女,高三,高三1班,数学,73,及格
赵桂桂,女,高三,高三1班,英语,74,及格
陆艳璐,女,高三,高三1班,语文,76,及格
陆艳璐,女,高三,高三1班,数学,68,及格
陆艳璐,女,高三,高三1班,英语,77,及格
梁桂,女,高三,高三2班,语文,82,良
梁桂,女,高三,高三2班,数学,79,及格
梁桂,女,高三,高三2班,英语,84,良
吴桂,女,高三,高三2班,语文,78,及格
吴桂,女,高三,高三2班,数学,78,及格
吴桂,女,高三,高三2班,英语,75,及格
陆瑶,女,高三,高三2班,语文,97,优
陆瑶,女,高三,高三2班,数学,86,良
陆瑶,女,高三,高三2班,英语,100,优
苏倩敏,女,高三,高三2班,语文,60,及格
苏倩敏,女,高三,高三2班,数学,43,不及格
苏倩敏,女,高三,高三2班,英语,55,不及格
方磊,男,高三,高三2班,语文,56,不及格
方磊,男,高三,高三2班,数学,64,及格
方磊,男,高三,高三2班,英语,60,及格
龚娜佳,女,高三,高三2班,语文,97,优
龚娜佳,女,高三,高三2班,数学,94,优
龚娜佳,女,高三,高三2班,英语,94,优
邱静,女,高三,高三2班,语文,100,优
邱静,女,高三,高三2班,数学,82,良
邱静,女,高三,高三2班,英语,94,优
郝辉,男,高三,高三2班,语文,87,良
郝辉,男,高三,高三2班,数学,96,优
郝辉,男,高三,高三2班,英语,89,良
范燕蕾,女,高三,高三2班,语文,56,不及格
范燕蕾,女,高三,高三2班,数学,60,及格
范燕蕾,女,高三,高三2班,英语,67,及格
韩龙阳,男,高三,高三2班,语文,58,不及格
韩龙阳,男,高三,高三2班,数学,55,不及格
韩龙阳,男,高三,高三2班,英语,56,不及格
邓刚斌,男,高三,高三2班,语文,62,及格
邓刚斌,男,高三,高三2班,数学,59,不及格
邓刚斌,男,高三,高三2班,英语,65,及格
熊波,男,高三,高三2班,语文,86,良
熊波,男,高三,高三2班,数学,87,良
熊波,男,高三,高三2班,英语,92,优
石磊涛,男,高三,高三2班,语文,85,良
石磊涛,男,高三,高三2班,数学,83,良
石磊涛,男,高三,高三2班,英语,86,良
熊颖洁,女,高三,高三2班,语文,88,良
熊颖洁,女,高三,高三2班,数学,86,良
熊颖洁,女,高三,高三2班,英语,90,优
贺静,女,高三,高三2班,语文,63,及格
贺静,女,高三,高三2班,数学,46,不及格
贺静,女,高三,高三2班,英语,55,不及格
刘旭,男,高三,高三2班,语文,92,优
刘旭,男,高三,高三2班,数学,83,良
刘旭,男,高三,高三2班,英语,92,优
严俊,男,高三,高三2班,语文,57,不及格
严俊,男,高三,高三2班,数学,54,不及格
严俊,男,高三,高三2班,英语,52,不及格
邱建凯,男,高三,高三2班,语文,88,良
邱建凯,男,高三,高三2班,数学,95,优
邱建凯,男,高三,高三2班,英语,91,优
汤燕倩,女,高三,高三2班,语文,94,优
汤燕倩,女,高三,高三2班,数学,83,良
汤燕倩,女,高三,高三2班,英语,88,良
何阳帅,男,高三,高三2班,语文,97,优
何阳帅,男,高三,高三2班,数学,96,优
何阳帅,男,高三,高三2班,英语,94,优
郝瑶,女,高三,高三2班,语文,89,良
郝瑶,女,高三,高三2班,数学,78,及格
郝瑶,女,高三,高三2班,英语,97,优
姜瑶秀,女,高三,高三2班,语文,79,及格
姜瑶秀,女,高三,高三2班,数学,68,及格
姜瑶秀,女,高三,高三2班,英语,80,良
何超鹏,男,高三,高三2班,语文,67,及格
何超鹏,男,高三,高三2班,数学,68,及格
何超鹏,男,高三,高三2班,英语,70,及格
任健林,男,高三,高三2班,语文,64,及格
任健林,男,高三,高三2班,数学,67,及格
任健林,男,高三,高三2班,英语,63,及格
邵亮,男,高三,高三2班,语文,85,良
邵亮,男,高三,高三2班,数学,94,优
邵亮,男,高三,高三2班,英语,90,优
袁敏瑶,女,高三,高三2班,语文,98,优
袁敏瑶,女,高三,高三2班,数学,94,优
袁敏瑶,女,高三,高三2班,英语,98,优
郭鹏伟,男,高三,高三2班,语文,94,优
郭鹏伟,男,高三,高三2班,数学,93,优
郭鹏伟,男,高三,高三2班,英语,94,优
曾波斌,男,高三,高三2班,语文,90,优
曾波斌,男,高三,高三2班,数学,88,良
曾波斌,男,高三,高三2班,英语,94,优
赵娟芳,女,高三,高三2班,语文,84,良
赵娟芳,女,高三,高三2班,数学,79,及格
赵娟芳,女,高三,高三2班,英语,88,良
刘娟敏,女,高三,高三2班,语文,96,优
刘娟敏,女,高三,高三2班,数学,86,良
刘娟敏,女,高三,高三2班,英语,94,优
董鹏宇,男,高三,高三3班,语文,83,良
董鹏宇,男,高三,高三3班,数学,87,良
董鹏宇,男,高三,高三3班,英语,87,良
许丽琪,女,高三,高三3班,语文,83,良
许丽琪,女,高三,高三3班,数学,71,及格
许丽琪,女,高三,高三3班,英语,86,良
熊丹,女,高三,高三3班,语文,80,良
熊丹,女,高三,高三3班,数学,82,良
熊丹,女,高三,高三3班,英语,93,优
叶蕾丽,女,高三,高三3班,语文,96,优
叶蕾丽,女,高三,高三3班,数学,87,良
叶蕾丽,女,高三,高三3班,英语,95,优
邱俊波,男,高三,高三3班,语文,76,及格
邱俊波,男,高三,高三3班,数学,84,良
邱俊波,男,高三,高三3班,英语,72,及格
罗芳玲,女,高三,高三3班,语文,100,优
罗芳玲,女,高三,高三3班,数学,100,优
罗芳玲,女,高三,高三3班,英语,100,优
韩莹婷,女,高三,高三3班,语文,80,良
韩莹婷,女,高三,高三3班,数学,62,及格
韩莹婷,女,高三,高三3班,英语,82,良
雷建,男,高三,高三3班,语文,82,良
雷建,男,高三,高三3班,数学,89,良
雷建,男,高三,高三3班,英语,74,及格
谢芳秀,女,高三,高三3班,语文,93,优
谢芳秀,女,高三,高三3班,数学,80,良
谢芳秀,女,高三,高三3班,英语,85,良
周芳颖,女,高三,高三3班,语文,82,良
周芳颖,女,高三,高三3班,数学,84,良
周芳颖,女,高三,高三3班,英语,82,良
黄丹,女,高三,高三3班,语文,93,优
黄丹,女,高三,高三3班,数学,67,及格
黄丹,女,高三,高三3班,英语,77,及格
廖丽,女,高三,高三3班,语文,64,及格
廖丽,女,高三,高三3班,数学,56,不及格
廖丽,女,高三,高三3班,英语,69,及格
戴成晨,男,高三,高三3班,语文,92,优
戴成晨,男,高三,高三3班,数学,88,良
戴成晨,男,高三,高三3班,英语,83,良
万波,男,高三,高三3班,语文,61,及格
万波,男,高三,高三3班,数学,69,及格
万波,男,高三,高三3班,英语,65,及格
薛莹璐,女,高三,高三3班,语文,72,及格
薛莹璐,女,高三,高三3班,数学,72,及格
薛莹璐,女,高三,高三3班,英语,69,及格
刘杰伟,男,高三,高三3班,语文,78,及格
刘杰伟,男,高三,高三3班,数学,84,良
刘杰伟,男,高三,高三3班,英语,81,良
杜伟亮,男,高三,高三3班,语文,81,良
杜伟亮,男,高三,高三3班,数学,83,良
杜伟亮,男,高三,高三3班,英语,87,良
龙斌强,男,高三,高三3班,语文,73,及格
龙斌强,男,高三,高三3班,数学,81,良
龙斌强,男,高三,高三3班,英语,74,及格
钱旭超,男,高三,高三3班,语文,79,及格
钱旭超,男,高三,高三3班,数学,72,及格
钱旭超,男,高三,高三3班,英语,78,及格
邓宁,男,高三,高三3班,语文,78,及格
邓宁,男,高三,高三3班,数学,87,良
邓宁,男,高三,高三3班,英语,79,及格
廖丹欣,女,高三,高三3班,语文,77,及格
廖丹欣,女,高三,高三3班,数学,74,及格
廖丹欣,女,高三,高三3班,英语,77,及格
崔敏蕾,女,高三,高三3班,语文,74,及格
崔敏蕾,女,高三,高三3班,数学,62,及格
崔敏蕾,女,高三,高三3班,英语,60,及格
卢刚,男,高三,高三3班,语文,82,良
卢刚,男,高三,高三3班,数学,84,良
卢刚,男,高三,高三3班,英语,77,及格
梁莹,女,高三,高三3班,语文,91,优
梁莹,女,高三,高三3班,数学,91,优
梁莹,女,高三,高三3班,英语,100,优
江阳,男,高三,高三3班,语文,92,优
江阳,男,高三,高三3班,数学,90,优
江阳,男,高三,高三3班,英语,80,良
范杰俊,男,高三,高三3班,语文,71,及格
范杰俊,男,高三,高三3班,数学,63,及格
范杰俊,男,高三,高三3班,英语,69,及格
苏佳,女,高三,高三3班,语文,88,良
苏佳,女,高三,高三3班,数学,72,及格
苏佳,女,高三,高三3班,英语,89,良
吴凯鑫,男,高三,高三3班,语文,83,良
吴凯鑫,男,高三,高三3班,数学,84,良
吴凯鑫,男,高三,高三3班,英语,78,及格
冯鹏伟,男,高三,高三3班,语文,82,良
冯鹏伟,男,高三,高三3班,数学,81,良
冯鹏伟,男,高三,高三3班,英语,83,良
萧桂,女,高三,高三3班,语文,74,及格
萧桂,女,高三,高三3班,数学,63,及格
萧桂,女,高三,高三3班,英语,83,良
李帅辉,男,高三,高三3班,语文,84,良
李帅辉,男,高三,高三3班,数学,86,良
李帅辉,男,高三,高三3班,英语,82,良
吕宇涛,男,高三,高三3班,语文,70,及格
吕宇涛,男,高三,高三3班,数学,66,及格
吕宇涛,男,高三,高三3班,英语,63,及格
于颖,女,高三,高三3班,语文,82,良
于颖,女,高三,高三3班,数学,72,及格
于颖,女,高三,高三3班,英语,84,良
